{
  "100": {
    "orig": [
      2.2009382858524678,
      0.9958437693399658,
      0.06299823143790512
    ],
    "pipe": [
      -2.3385920325046876,
      1.3172520834507728,
      -5.685647950298483
    ],
    "dr": [
      0.0,
      0.0,
      0.0
    ]
  },
  "200": {
    "orig": [
      2.267554397129722,
      0.23831529223798226,
      1.3301203211844363
    ],
    "pipe": [
      -4.3462673350671155,
      -4.901368978545757,
      -4.508277068236021
    ],
    "dr": [
      0.0,
      1.6540411057490693e-14,
      0.0
    ]
  }
}