{
  "Nearest Neighbor": {
    "cost": 3.3107698048574288,
    "time": 0.0,
    "tour": [
      0,
      26,
      21,
      22,
      23,
      24,
      30,
      25,
      19,
      20,
      27,
      1,
      4,
      7,
      10,
      8,
      5,
      2,
      3,
      6,
      9,
      29,
      11,
      28,
      12,
      13,
      14,
      15,
      16,
      17,
      18,
      0
    ]
  },
  "Christofides": {
    "cost": 3.144739210947125,
    "time": 0.0029768943786621094,
    "tour": [
      0,
      26,
      21,
      22,
      23,
      24,
      30,
      27,
      25,
      19,
      20,
      18,
      17,
      16,
      15,
      14,
      13,
      12,
      28,
      11,
      29,
      3,
      9,
      6,
      2,
      5,
      8,
      4,
      10,
      7,
      1,
      0
    ]
  },
  "C+2opt": {
    "cost": 2.885562001458167,
    "time": 0.003808259963989258,
    "tour": [
      0,
      26,
      21,
      20,
      19,
      27,
      25,
      24,
      30,
      23,
      22,
      18,
      17,
      16,
      15,
      14,
      13,
      12,
      28,
      11,
      29,
      3,
      6,
      9,
      2,
      5,
      8,
      10,
      7,
      4,
      1,
      0
    ]
  },
  "LKH3": {
    "cost": 2.885562001458167,
    "time": 0.07312417030334473,
    "tour": [
      0,
      1,
      4,
      7,
      10,
      8,
      5,
      2,
      9,
      6,
      3,
      29,
      11,
      28,
      12,
      13,
      14,
      15,
      16,
      17,
      18,
      22,
      23,
      30,
      24,
      25,
      27,
      19,
      20,
      21,
      26,
      0
    ]
  },
  "DIFUSCO+2opt": {
    "cost": 2.885562001458167,
    "time": 8.684828042984009,
    "tour": [
      0,
      26,
      21,
      20,
      19,
      27,
      25,
      24,
      30,
      23,
      22,
      18,
      17,
      16,
      15,
      14,
      13,
      12,
      28,
      11,
      29,
      3,
      6,
      9,
      2,
      5,
      8,
      10,
      7,
      4,
      1,
      0
    ]
  },
  "DualOpt": {
    "cost": 2.8855620014581675,
    "time": 6.507449150085449,
    "tour": [
      1,
      0,
      26,
      21,
      20,
      19,
      27,
      25,
      24,
      30,
      23,
      22,
      18,
      17,
      16,
      15,
      14,
      13,
      12,
      28,
      11,
      29,
      3,
      6,
      9,
      2,
      5,
      8,
      10,
      7,
      4,
      1
    ]
  }
}