{
  "NN": {
    "cost": 0.01492846754873526,
    "time": 0.03573298454284668,
    "type": "Classic"
  },
  "Christofides": {
    "cost": 0.013634580079405103,
    "time": 5.52214503288269,
    "type": "Classic"
  },
  "C+2opt": {
    "cost": 0.012716877169221215,
    "time": 7.461857557296753,
    "type": "Classic"
  },
  "DualOpt": {
    "cost": 0.012578177691333535,
    "time": 8.731738328933716,
    "type": "AI"
  },
  "LKH3": {
    "cost": 0.012211568449643304,
    "time": 0.35315656661987305,
    "type": "Gold"
  },
  "DIFUSCO": {
    "cost": 0.012708339892503879,
    "time": 46.96801257133484,
    "type": "AI"
  }
}