{
  "50": {
    "NN": {
      "cost_mean": 5.948970633162024,
      "cost_std": 0.04865630898895032,
      "time_mean": 0.0,
      "gap_vs_lkh": 26.151198366997175
    },
    "Christofides": {
      "cost_mean": 5.010202479472899,
      "cost_std": 0.3197227691922177,
      "time_mean": 0.012865622838338217,
      "gap_vs_lkh": 6.244102689553932
    },
    "C+2opt": {
      "cost_mean": 4.792897852377229,
      "cost_std": 0.2908805636336172,
      "time_mean": 0.012405316034952799,
      "gap_vs_lkh": 1.636038402599893
    },
    "DIFUSCO": {
      "cost_mean": 4.835452414203519,
      "cost_std": 0.32600221307419275,
      "time_mean": 0.0,
      "gap_vs_lkh": 2.538431320871126
    },
    "DualOpt": {
      "cost_mean": 4.735452175140381,
      "cost_std": 0.2586911953494853,
      "time_mean": 1.155068000157674,
      "gap_vs_lkh": 0.4178711815288727
    },
    "LKH3": {
      "cost_mean": 4.715746429816202,
      "cost_std": 0.24817839503416353,
      "time_mean": 0.4163180987040202,
      "gap_vs_lkh": 0.0
    }
  },
  "100": {
    "NN": {
      "cost_mean": 8.649495132716142,
      "cost_std": 0.7699303646913617,
      "time_mean": 0.0007599989573160807,
      "gap_vs_lkh": 27.231514732092887
    },
    "Christofides": {
      "cost_mean": 7.544515531134858,
      "cost_std": 0.2964531818233032,
      "time_mean": 0.05122907956441244,
      "gap_vs_lkh": 10.977591664897247
    },
    "C+2opt": {
      "cost_mean": 7.057965634052981,
      "cost_std": 0.29728080607853274,
      "time_mean": 0.059997240702311196,
      "gap_vs_lkh": 3.8205866086921114
    },
    "DIFUSCO": {
      "cost_mean": 7.125046431781857,
      "cost_std": 0.44375025812194624,
      "time_mean": 0.0,
      "gap_vs_lkh": 4.807325299624465
    },
    "DualOpt": {
      "cost_mean": 6.9901957511901855,
      "cost_std": 0.3028200223767479,
      "time_mean": 5.88017725944519,
      "gap_vs_lkh": 2.823711679283103
    },
    "LKH3": {
      "cost_mean": 6.798233245064395,
      "cost_std": 0.27529832696317824,
      "time_mean": 0.08626540501912434,
      "gap_vs_lkh": 0.0
    }
  },
  "200": {
    "NN": {
      "cost_mean": 11.785394379886469,
      "cost_std": 0.445562642564887,
      "time_mean": 0.003839413324991862,
      "gap_vs_lkh": 26.02505700420201
    },
    "Christofides": {
      "cost_mean": 10.319600924688517,
      "cost_std": 0.26057330159880393,
      "time_mean": 0.3444114526112874,
      "gap_vs_lkh": 10.350850626944762
    },
    "C+2opt": {
      "cost_mean": 9.674676945236948,
      "cost_std": 0.3160741126011242,
      "time_mean": 0.39696915944417316,
      "gap_vs_lkh": 3.454468660086585
    },
    "DIFUSCO": {
      "cost_mean": 9.749289129779656,
      "cost_std": 0.34666815646662563,
      "time_mean": 0.0,
      "gap_vs_lkh": 4.2523210277808365
    },
    "DualOpt": {
      "cost_mean": 9.592458089192709,
      "cost_std": 0.29503838110184566,
      "time_mean": 5.994714816411336,
      "gap_vs_lkh": 2.5752756788589792
    },
    "LKH3": {
      "cost_mean": 9.351627890549983,
      "cost_std": 0.24732660782008276,
      "time_mean": 0.11083046595255534,
      "gap_vs_lkh": 0.0
    }
  }
}