{
  "results": {
    "10 steps, no 2-opt": {
      "mean_cost": 6.7238041504405475,
      "std_cost": 0.5574629478755697,
      "mean_time": 0.17540833950042725
    },
    "10 steps + 2-opt": {
      "mean_cost": 5.8961844161415105,
      "std_cost": 0.4057695568821124,
      "mean_time": 0.16499199867248535
    },
    "20 steps, no 2-opt": {
      "mean_cost": 6.650991313996205,
      "std_cost": 0.58092882670762,
      "mean_time": 0.3034888982772827
    },
    "20 steps + 2-opt": {
      "mean_cost": 5.867337595996061,
      "std_cost": 0.36278257066767167,
      "mean_time": 0.30113241672515867
    },
    "50 steps, no 2-opt": {
      "mean_cost": 6.696650074590363,
      "std_cost": 0.5249277753704156,
      "mean_time": 0.7215497732162476
    },
    "50 steps + 2-opt": {
      "mean_cost": 5.865891437781395,
      "std_cost": 0.36750327751689127,
      "mean_time": 0.7236583709716797
    }
  },
  "gt_mean": 5.890907240105231
}