{
  "mean": 5.774876006444296,
  "std": 0.2997301922155027,
  "costs": [
    5.829533100128174,
    5.579329490661621,
    5.9612298011779785,
    6.500673770904541,
    5.425799369812012,
    6.06577730178833,
    5.346127033233643,
    6.125439167022705,
    5.337498188018799,
    5.7614030838012695,
    6.077276229858398,
    5.78592586517334,
    6.113284587860107,
    5.936345100402832,
    5.307053089141846,
    5.8839497566223145,
    5.405400276184082,
    5.443902969360352,
    5.879354476928711,
    5.783222198486328,
    5.672111988067627,
    6.179845333099365,
    5.540580749511719,
    5.932998180389404,
    5.840805530548096,
    5.654607772827148,
    5.4868483543396,
    5.34728479385376,
    6.081442356109619,
    5.961230278015137
  ]
}