{
  "Nearest Neighbor": [
    {
      "sizes": 10,
      "mean_cost": 3.4146975824639325,
      "std_cost": 0.36940509719028275,
      "mean_time": 6.921999811311252e-05,
      "std_time": 3.1954304956344065e-05,
      "raw_costs": [
        3.122388192989888,
        3.3130837977207337,
        4.126379824272783,
        3.1342584688278916,
        3.3773776285083668
      ],
      "raw_times": [
        0.0001325999983237125,
        6.089999806135893e-05,
        5.3099996875971556e-05,
        5.0499998906161636e-05,
        4.8999998398358e-05
      ]
    },
    {
      "sizes": 20,
      "mean_cost": 4.35195842999613,
      "std_cost": 0.524663020337268,
      "mean_time": 0.00010084000023198314,
      "std_time": 2.2685678168477096e-06,
      "raw_costs": [
        4.6503841555964485,
        5.228285078996273,
        4.144121852162543,
        3.802580151626719,
        3.934420911598668
      ],
      "raw_times": [
        0.00010439999823574908,
        9.950000094249845e-05,
        9.76999981503468e-05,
        0.00010200000178883784,
        0.00010060000204248354
      ]
    },
    {
      "sizes": 50,
      "mean_cost": 6.518584769890967,
      "std_cost": 0.3726381303574756,
      "mean_time": 0.00040647999994689597,
      "std_time": 1.0683519494897421e-05,
      "raw_costs": [
        6.947554613501359,
        6.736433534488056,
        6.731867377391802,
        5.934511195041372,
        6.242557129032244
      ],
      "raw_times": [
        0.0004011000019090716,
        0.0004264999988663476,
        0.00040660000013303943,
        0.0004030999989481643,
        0.00039509999987785704
      ]
    },
    {
      "sizes": 100,
      "mean_cost": 9.750075304393134,
      "std_cost": 0.26026305503231056,
      "mean_time": 0.0014690599986352027,
      "std_time": 3.9282850686494826e-05,
      "raw_costs": [
        10.063968586445139,
        9.558683677541582,
        9.387474092125798,
        10.017130191575724,
        9.723119974277424
      ],
      "raw_times": [
        0.001476199999160599,
        0.001423999998223735,
        0.0015257999984896742,
        0.0014930999968782999,
        0.0014262000004237052
      ]
    }
  ],
  "Christofides": [
    {
      "sizes": 10,
      "mean_cost": 3.1340273349297902,
      "std_cost": 0.24343119742540986,
      "mean_time": 0.0013367800005653408,
      "std_time": 0.00047524837729767693,
      "raw_costs": [
        3.575314211916384,
        3.152764735821958,
        3.1167811533568557,
        2.9506178164219174,
        2.874658757131837
      ],
      "raw_times": [
        0.00226719999773195,
        0.0010341000015614554,
        0.0012846999998146202,
        0.0010065000024042092,
        0.0010914000013144687
      ]
    },
    {
      "sizes": 20,
      "mean_cost": 4.118321386634561,
      "std_cost": 0.23481771743528335,
      "mean_time": 0.0023617800005013125,
      "std_time": 0.0006447089378818025,
      "raw_costs": [
        4.019554568629259,
        4.500270726078325,
        4.232721886047797,
        3.8013498940493293,
        4.037709858368094
      ],
      "raw_times": [
        0.0030141000024741516,
        0.0017430000007152557,
        0.0032652000008965842,
        0.0018075000007229391,
        0.001979099997697631
      ]
    },
    {
      "sizes": 50,
      "mean_cost": 6.262900635780952,
      "std_cost": 0.19884277236044884,
      "mean_time": 0.00823177999991458,
      "std_time": 0.0026514203426526565,
      "raw_costs": [
        6.063054921787496,
        6.4585778903792095,
        6.531420766519677,
        6.209529557415716,
        6.051920042802662
      ],
      "raw_times": [
        0.011081900000135647,
        0.011227399998460896,
        0.006341500000417,
        0.008078499999101041,
        0.0044296000014583115
      ]
    },
    {
      "sizes": 100,
      "mean_cost": 8.573002881493014,
      "std_cost": 0.2965470065318854,
      "mean_time": 0.05082862000053865,
      "std_time": 0.010119623482000361,
      "raw_costs": [
        7.999780378873226,
        8.693182427157652,
        8.857920063174234,
        8.683166881523494,
        8.630964656736476
      ],
      "raw_times": [
        0.058736000002681976,
        0.042349200000899145,
        0.03515909999987343,
        0.05924830000003567,
        0.05865049999920302
      ]
    }
  ],
  "Christofides + 2-opt": [
    {
      "sizes": 10,
      "mean_cost": 2.8555582978804313,
      "std_cost": 0.1476014225006221,
      "mean_time": 0.0014966599992476404,
      "std_time": 0.00013025821503080185,
      "raw_costs": [
        2.9030677377778757,
        2.7245837225277416,
        3.1167811533568557,
        2.7143194836298474,
        2.819039392109836
      ],
      "raw_times": [
        0.0017404999998689163,
        0.0013851999974576756,
        0.0014254999987315387,
        0.0014111999989836477,
        0.0015209000011964235
      ]
    },
    {
      "sizes": 20,
      "mean_cost": 3.831158001952494,
      "std_cost": 0.2136965318751381,
      "mean_time": 0.002927980000822572,
      "std_time": 0.000547224532049919,
      "raw_costs": [
        3.8642968947651335,
        4.132807365450877,
        3.9692503618351895,
        3.542934610142738,
        3.6465007775685288
      ],
      "raw_times": [
        0.003643000000010943,
        0.0023264000010385644,
        0.0032482999995409045,
        0.0022488000031444244,
        0.003173400000378024
      ]
    },
    {
      "sizes": 50,
      "mean_cost": 5.813121802378444,
      "std_cost": 0.175574161551764,
      "mean_time": 0.010676439999224385,
      "std_time": 0.0023974317713154622,
      "raw_costs": [
        5.7314945840772,
        5.970711155430655,
        6.067768741040951,
        5.687426487944861,
        5.608208043398557
      ],
      "raw_times": [
        0.012651099998038262,
        0.013518200001271907,
        0.009076999998796964,
        0.01119289999769535,
        0.006943000000319444
      ]
    },
    {
      "sizes": 100,
      "mean_cost": 8.033344003859593,
      "std_cost": 0.20590093347319374,
      "mean_time": 0.0661653600000136,
      "std_time": 0.006774480760518931,
      "raw_costs": [
        7.674626785204281,
        8.12671077194162,
        8.170025576757439,
        7.943372118664856,
        8.25198476672977
      ],
      "raw_times": [
        0.06840370000281837,
        0.0527007999990019,
        0.06916700000147102,
        0.06987039999876288,
        0.07068489999801386
      ]
    }
  ],
  "2-opt (from NN)": [
    {
      "sizes": 10,
      "mean_cost": 2.855558297880431,
      "std_cost": 0.14760142250062208,
      "mean_time": 0.0012248400002135896,
      "std_time": 3.231591568266852e-05,
      "raw_costs": [
        2.9030677377778753,
        2.7245837225277416,
        3.1167811533568557,
        2.7143194836298474,
        2.819039392109836
      ],
      "raw_times": [
        0.0012463000020943582,
        0.0011873000003106426,
        0.0012717999998130836,
        0.0012276999987079762,
        0.001191100000141887
      ]
    },
    {
      "sizes": 20,
      "mean_cost": 3.8268920376395763,
      "std_cost": 0.23420060243997226,
      "mean_time": 0.002201960000093095,
      "std_time": 0.00024066529155240729,
      "raw_costs": [
        3.866266770061002,
        4.157801779615813,
        3.9692503618351895,
        3.4946404991173488,
        3.6465007775685274
      ],
      "raw_times": [
        0.00249930000063614,
        0.0024740000008023344,
        0.0019726999998965766,
        0.002123499998560874,
        0.0019403000005695503
      ]
    },
    {
      "sizes": 50,
      "mean_cost": 5.7454639107401375,
      "std_cost": 0.09559803301072035,
      "mean_time": 0.005878659999143565,
      "std_time": 0.0004165748364344372,
      "raw_costs": [
        5.715278242588973,
        5.8988536679885915,
        5.797556552654949,
        5.697672866353875,
        5.617958224114295
      ],