{
  "original": {
    "mean": 5.859313106536865,
    "std": 0.3711986929702582,
    "costs": [
      5.829533100128174,
      5.579329490661621,
      5.9612298011779785,
      6.500673770904541,
      5.425799369812012
    ],
    "times": [
      5.6637187004089355,
      5.3997509479522705,
      5.387925624847412,
      5.395716428756714,
      5.3982391357421875
    ],
    "success": 5
  },
  "improved": {
    "mean": 5.860818195343017,
    "std": 0.37109013423088993,
    "costs": [
      5.8370585441589355,
      5.579329490661621,
      5.9612298011779785,
      6.500673770904541,
      5.425799369812012
    ],
    "times": [
      10.880610227584839,
      7.095227241516113,
      7.5733020305633545,
      6.949686288833618,
      6.58669638633728
    ],
    "success": 5
  }
}