{
  "eil51": {
    "cost": 429.98331198338406,
    "time": 0.08683156967163086,
    "gap": 0.9350497613577646,
    "opt": 426.0
  },
  "berlin52": {
    "cost": 7544.36590190409,
    "time": 0.0492863655090332,
    "gap": 0.03136968846577659,
    "opt": 7542.0
  },
  "eil76": {
    "cost": 545.2297384467317,
    "time": 0.07485651969909668,
    "gap": 1.3438175551546028,
    "opt": 538.0
  },
  "kroA100": {
    "cost": 21285.44318157108,
    "time": 0.10202836990356445,
    "gap": 0.016178843957725952,
    "opt": 21282.0
  },
  "ch150": {
    "cost": 6530.902721852191,
    "time": 0.13332486152648926,
    "gap": 0.04446571464753468,
    "opt": 6528.0
  },
  "tsp225": {
    "cost": 3859.0,
    "time": 0.2206261157989502,
    "gap": -1.4555669050051123,
    "opt": 3916.0
  },
  "a280": {
    "cost": 2587.808790664084,
    "time": 0.2566964626312256,
    "gap": 0.3415583817015788,
    "opt": 2579.0
  },
  "pr1002": {
    "cost": 260920.6644485631,
    "time": 2.5212771892547607,
    "gap": 0.7240689642969755,
    "opt": 259045.0
  }
}