{
  "difusco_raw": [
    6.552658591247673,
    6.69179155040989,
    6.819601279457799,
    7.398032748260364,
    5.841761960026288,
    7.048552909782652,
    6.409204860348122,
    7.260587447449342,
    6.052688515009911,
    6.8892870127405486
  ],
  "difusco_2opt": [
    5.999871271166066,
    5.868864529781984,
    6.219519368605496,
    6.584390836766763,
    5.470212568468501,
    6.100850809033446,
    5.438521547828818,
    6.472163593367601,
    5.4441490311892125,
    6.086798670448765
  ],
  "difusco_dualopt": [
    5.829716682434082,
    5.610714435577393,
    5.9612298011779785,
    6.500674247741699,
    5.4257988929748535,
    6.0654778480529785,
    5.346127033233643,
    6.1016693115234375,
    5.337498664855957,
    5.746668815612793
  ],
  "c2opt_baseline": [
    5.955121662207685,
    5.774880106229048,
    6.131432353917795,
    6.593581865375495,
    5.425798956897832,
    6.051926199741488,
    5.494070121241574,
    6.125438900703762,
    5.364476820277179,
    5.992345414460461
  ],
  "gt_costs": [
    5.955121662207685,
    5.774880106229048,
    6.131432353917795,
    6.593581865375495,
    5.425798956897832,
    6.051926199741488,
    5.494070121241574,
    6.125438900703762,
    5.364476820277179,
    5.992345414460461
  ],
  "summary": {
    "difusco_raw_mean": 6.696416687473258,
    "difusco_2opt_mean": 5.9685342226656655,
    "difusco_dualopt_mean": 5.792557573318481,
    "c2opt_mean": 5.890907240105231,
    "gt_mean": 5.890907240105231
  }
}