{
  "TSP-100": {
    "NN": {
      "mean": 9.863611701017197,
      "std": 0.5978696493728524,
      "time": 0.001004791259765625
    },
    "Christofides": {
      "mean": 8.78260342425154,
      "std": 0.3178600969232537,
      "time": 0.042331504821777347
    },
    "C+2opt": {
      "mean": 8.09557186167379,
      "std": 0.2254837714372314,
      "time": 0.051791810989379884
    },
    "LKH": {
      "mean": 7.816785420955954,
      "std": 0.16497672206866962,
      "time": 0.0975576639175415
    }
  },
  "TSP-200": {
    "NN": {
      "mean": 13.525189557803632,
      "std": 0.5198370092618136,
      "time": 0.005368423461914062
    },
    "Christofides": {
      "mean": 12.048679892239019,
      "std": 0.24191768360716231,
      "time": 0.25880348682403564
    },
    "C+2opt": {
      "mean": 11.054294341275234,
      "std": 0.32519262373441304,
      "time": 0.3217020988464355
    },
    "LKH": {
      "mean": 10.715419980488795,
      "std": 0.21513233724335173,
      "time": 0.13948559761047363
    }
  },
  "TSP-500": {
    "NN": {
      "mean": 20.806866565190916,
      "std": 0.608943510248702,
      "time": 0.038150453567504884
    },
    "Christofides": {
      "mean": 18.619193432719698,
      "std": 0.32654056330357273,
      "time": 4.607167220115661
    },
    "C+2opt": {
      "mean": 17.189268731943514,
      "std": 0.21411870184691473,
      "time": 5.866025805473328
    },
    "LKH": {
      "mean": 16.63347658548596,
      "std": 0.250526391031198,
      "time": 0.3922813892364502
    }
  },
  "TSP-1000": {
    "NN": {
      "mean": 28.715571464439506,
      "std": 0.5260768511300888,
      "time": 0.19311957359313964
    },
    "Christofides": {
      "mean": 26.113293302155334,
      "std": 0.29729228777799077,
      "time": 37.280470514297484
    },
    "C+2opt": {
      "mean": 23.959745087259645,
      "std": 0.22361396280617524,
      "time": 51.17475869655609
    },
    "LKH": {
      "mean": 23.329343221045907,
      "std": 0.24190368202450988,
      "time": 1.1611470222473144
    }
  }
}