{
  "TSP-100": {
    "NN": {
      "mean": 9.863611701017197,
      "std": 0.5978696493728524,
      "time": 0.0014591693878173828
    },
    "Christofides": {
      "mean": 8.78260342425154,
      "std": 0.3178600969232537,
      "time": 0.04126670360565186
    },
    "C+2opt": {
      "mean": 8.09557186167379,
      "std": 0.2254837714372314,
      "time": 0.054205131530761716
    },
    "LKH": {
      "mean": 30.449975867984524,
      "std": 0.9688816931245662,
      "time": 0.05901589393615723
    }
  },
  "TSP-200": {
    "NN": {
      "mean": 13.525189557803632,
      "std": 0.5198370092618136,
      "time": 0.005526423454284668
    },
    "Christofides": {
      "mean": 12.048679892239019,
      "std": 0.24191768360716231,
      "time": 0.2545891761779785
    },
    "C+2opt": {
      "mean": 11.054294341275234,
      "std": 0.32519262373441304,
      "time": 0.32123985290527346
    },
    "LKH": {
      "mean": 62.62810269991795,
      "std": 1.4549533927150629,
      "time": 0.07974116802215576
    }
  },
  "TSP-500": {
    "NN": {
      "mean": 20.806866565190916,
      "std": 0.608943510248702,
      "time": 0.03789060115814209
    },
    "Christofides": {
      "mean": 18.619193432719698,
      "std": 0.32654056330357273,
      "time": 4.499351501464844
    },
    "C+2opt": {
      "mean": 17.189268731943514,
      "std": 0.21411870184691473,
      "time": 5.759556412696838
    },
    "LKH": {
      "mean": 150.80389041841687,
      "std": 3.157158399739559,
      "time": 0.38652329444885253
    }
  },
  "TSP-1000": {
    "NN": {
      "mean": 28.715571464439506,
      "std": 0.5260768511300888,
      "time": 0.16455185413360596
    },
    "Christofides": {
      "mean": 26.113293302155334,
      "std": 0.29729228777799077,
      "time": 37.90943222045898
    },
    "C+2opt": {
      "mean": 23.959745087259645,
      "std": 0.22361396280617524,
      "time": 46.05685060024261
    },
    "LKH": {
      "mean": 300.8414475711158,
      "std": 2.4596042563586464,
      "time": 2.881849527359009
    }
  }
}