{
  "config": {
    "n": 50,
    "n_instances": 50,
    "test_file": "data/tsp_problems/tsp50_test.txt"
  },
  "ground_truth_mean": 5.8998043702808225,
  "results": {
    "Nearest Neighbor": {
      "mean": 7.127941882834628,
      "std": 0.5758072604861858,
      "costs": [
        6.933941696086872,
        7.254600690881736,
        7.103047656022586,
        7.114615338330165,
        6.813502153957499,
        8.013898171904032,
        5.851790648073521,
        7.152744288496812,
        6.557292853342269,
        7.102812800559391,
        7.427233363867678,
        7.341762726645415,
        6.734472389985694,
        7.917377072206305,
        6.395291593624121,
        8.176525300968077,
        7.685899509270267,
        6.617453376839124,
        7.130991569757898,
        7.481091468737584,
        7.090560998932631,
        7.493839242100577,
        6.523766033653004,
        6.33357488375511,
        7.517924865047064,
        6.770287748599156,
        6.098605952368235,
        6.1999607207514655,
        7.345864109333744,
        6.387533372846324,
        7.643740879939449,
        6.144266840655049,
        8.0378772738787,
        8.45069769857686,
        6.842504642965709,
        7.601238529182043,
        7.1385676048684354,
        6.729377305646879,
        6.952794167072616,
        6.846409746622021,
        7.697220285124829,
        7.11163063389156,
        6.935879967888113,
        7.641015494282615,
        7.149358224914672,
        6.574304617883139,
        7.67606721336425,
        7.868747219616427,
        7.7117655336335,
        7.075367664780152
      ]
    },
    "Christofides": {
      "mean": 6.428304786862791,
      "std": 0.37438329025213835,
      "costs": [
        6.521563780971553,
        6.041390848825497,
        6.486435586087412,
        7.392259706494268,
        5.857046195503591,
        7.046940796348177,
        5.890011252683795,
        6.75252590907652,
        5.832131404964677,
        6.154998154175338,
        6.832989139748332,
        6.567593688768692,
        6.566270219446233,
        6.539365461100713,
        5.925500921291516,
        6.473457394330718,
        5.92463567301806,
        6.168259082203942,
        6.628207277864358,
        6.6548687470890275,
        6.4646411870950615,
        6.950812693984572,
        6.054269865315864,
        6.580635314199079,
        6.715197158545371,
        6.276891999031359,
        6.090759572233212,
        6.062483581845336,
        6.749598918432807,
        6.393935421686955,
        6.922922909157849,
        5.998555611406934,
        6.621494653047474,
        6.983740509131149,
        6.358027896621245,
        6.77930080990419,
        6.7923707372638935,
        5.810684364455488,
        6.1568065586682215,
        6.240316652117354,
        6.4996218750166355,
        6.360932192989151,
        6.574631682765562,
        6.7773935020921385,
        6.342673288893998,
        6.237081744330246,
        6.908226541387656,
        6.42298336553626,
        6.411255363485061,
        5.620542132507011
      ]
    },
    "Christofides + 2-opt": {
      "mean": 5.8998043702808225,
      "std": 0.3122129570758992,
      "costs": [
        5.955121662207685,
        5.774880106229048,
        6.131432353917795,
        6.593581865375495,
        5.425798956897832,
        6.051926199741488,
        5.494070121241574,
        6.125438900703762,
        5.364476820277179,
        5.992345414460461,
        6.2150778656902705,
        5.8183359178600025,
        6.33665096333037,
        6.040266676692043,
        5.384734720096948,
        5.89119520517133,
        5.518063629732578,
        5.522965952832257,
        6.099536987491581,
        6.018886300810359,
        6.104713810526692,
        6.282876606182377,
        5.5450340853035405,
        6.14370834195503,
        5.884791710309254,
        5.798440489649161,
        5.421428471696091,
        5.3656418962380945,
        6.216754135868186,
        5.996384261092728,
        6.275985565963355,
        5.5222748269241695,
        5.876993180181536,
        6.5835275044434365,
        5.509171460248814,
        6.217864143224753,
        6.28823621844761,
        5.708468078286372,
        5.817496811539612,
        6.070574863989865,
        5.964737282835819,
        5.9255203771354195,
        5.933932417785979,
        5.983322852484874,
        5.702646410092264,
        5.624944840955067,
        6.021282423023307,
        5.972218323247155,
        6.054869282713762,
        5.421591220936788
      ]
    },
    "DIFUSCO + 2-opt": {
      "mean": 5.918240438021695,
      "std": 0.31330138021327486,
      "costs": [
        5.859593311095392,
        6.025685811949235,
        6.255731226156613,
        6.591936952509115,
        5.440149713008468,
        6.147348343281058,
        5.541908422218275,
        6.488821265114797,
        5.4441490311892125,
        5.9401366794910935,
        6.085622271288223,
        5.93057732279953,
        6.1296605852787405,
        5.948151063178687,
        5.339772891868564,
        6.046246121672419,
        5.613526032080454,
        5.628762855472838,
        6.146377931122588,
        5.783222468412129,
        5.796728305339493,
        6.319690557035151,
        5.590504890630119,
        5.985291051060534,
        6.025052549300185,
        5.665212760986992,
        5.421428471696091,
        5.347284371483083,
        6.05909915586584,
        5.948934173223396,
        6.393339428693704,
        5.374091848770199,
        5.8835346604601275,
        6.362578829747051,
        5.8823706910493385,
        6.224105708659081,
        6.251505460615794,
        5.879458099142858,
        5.9014183337208825,
        5.8652239320069635,
        5.581429944572067,
        6.029127900792502,
        6.049215887216622,
        6.199849745761489,
        5.702646410092264,
        5.665466423869853,
        6.1326511754477275,
        6.34044605730336,
        6.153147095435522,
        5.493807681919031
      ]
    }
  }
}