{
  "eil51": {
    "opt_cost": 426.0,
    "methods": {
      "Nearest Neighbor": {
        "cost": 513.610006884723,
        "time": 0.0003577999887056649,
        "gap_pct": 20.565729315662672
      },
      "Christofides": {
        "cost": 490.06070097055346,
        "time": 0.010373200013418682,
        "gap_pct": 15.03772323252428
      },
      "Christofides+2opt": {
        "cost": 441.6370516185773,
        "time": 0.011414499997044913,
        "gap_pct": 3.670669394032222
      }
    }
  },
  "berlin52": {
    "opt_cost": 7542.0,
    "methods": {
      "Nearest Neighbor": {
        "cost": 8980.918279329191,
        "time": 0.00033710000570863485,
        "gap_pct": 19.078736135364505
      },
      "Christofides": {
        "cost": 8614.918262562309,
        "time": 0.009217099999659695,
        "gap_pct": 14.225911728484597
      },
      "Christofides+2opt": {
        "cost": 7886.20986104679,
        "time": 0.012680100000579841,
        "gap_pct": 4.563906935120521
      }
    }
  },
  "eil76": {
    "opt_cost": 538.0,
    "methods": {
      "Nearest Neighbor": {
        "cost": 711.993292632752,
        "time": 0.0006999000033829361,
        "gap_pct": 32.34076071240744
      },
      "Christofides": {
        "cost": 616.4592884289367,
        "time": 0.037101499998243526,
        "gap_pct": 14.583510860397153
      },
      "Christofides+2opt": {
        "cost": 577.2971887382389,
        "time": 0.040259599991259165,
        "gap_pct": 7.304310174393858
      }
    }
  },
  "kroA100": {
    "opt_cost": 21282.0,
    "methods": {
      "Nearest Neighbor": {
        "cost": 26856.388591241608,
        "time": 0.0010214000067207962,
        "gap_pct": 26.1929733636012
      },
      "Christofides": {
        "cost": 24234.99058116895,
        "time": 0.04850030000670813,
        "gap_pct": 13.875531346532032
      },
      "Christofides+2opt": {
        "cost": 22515.349573231284,
        "time": 0.05581970000639558,
        "gap_pct": 5.795270995354218
      }
    }
  },
  "ch150": {
    "opt_cost": 6528.0,
    "methods": {
      "Nearest Neighbor": {
        "cost": 8194.614331512179,
        "time": 0.0022874999995110556,
        "gap_pct": 25.53024404889981
      },
      "Christofides": {
        "cost": 7193.353157345276,
        "time": 0.07051410000713076,
        "gap_pct": 10.192297140705818
      },
      "Christofides+2opt": {
        "cost": 6751.014379315498,
        "time": 0.10859360000176821,
        "gap_pct": 3.416274192945745
      }
    }
  },
  "tsp225": {
    "opt_cost": 3916.0,
    "methods": {
      "Nearest Neighbor": {
        "cost": 4828.9966828442675,
        "time": 0.0052395999955479056,
        "gap_pct": 23.314522033816832
      },
      "Christofides": {
        "cost": 4358.851601943218,
        "time": 0.26779900000838097,
        "gap_pct": 11.308774309070934
      },
      "Christofides+2opt": {
        "cost": 4035.802276832441,
        "time": 0.3905235999991419,
        "gap_pct": 3.0593022684484383
      }
    }
  },
  "a280": {
    "opt_cost": 2579.0,
    "methods": {
      "Nearest Neighbor": {
        "cost": 3148.109934934404,
        "time": 0.00865029999113176,
        "gap_pct": 22.067077740767903
      },
      "Christofides": {
        "cost": 2981.00314577313,
        "time": 0.48712680001335684,
        "gap_pct": 15.587558967550619
      },
      "Christofides+2opt": {
        "cost": 2651.7923047727286,
        "time": 0.6920744999952149,
        "gap_pct": 2.822501154429191
      }
    }
  },
  "pr1002": {
    "opt_cost": 259045.0,
    "methods": {
      "Nearest Neighbor": {
        "cost": 315596.5873942432,
        "time": 0.12624460000370163,
        "gap_pct": 21.83079673193584
      },
      "Christofides": {
        "cost": 287268.53548913007,
        "time": 26.824429100000998,
        "gap_pct": 10.895224956717975
      },
      "Christofides+2opt": {
        "cost": 269135.7869643406,
        "time": 37.074655600008555,
        "gap_pct": 3.895379939524246
      }
    }
  }
}